channel,proximity,dose,inflation,ci_half,truth,concentration
C-M,exact,1,-0.0010749999999999996,0.009887626182009092,0.007184379085069081,1.0
C-M,exact,3,0.020508333333333354,0.016536155673083298,0.01997145131166607,1.0
C-M,exact,6,0.042258333333333335,0.012016297855055612,0.04145233291999477,1.0
C-M,exact,12,0.07650833333333329,0.01426339526355645,0.07817641007223697,1.0
C-M,exact,25,0.16067500000000004,0.011586303303574635,0.16171879422762042,1.0
C-M,paraphrase,1,-0.011825000000000007,0.01003176772240884,0.004669846405294904,1.0
C-M,paraphrase,3,0.016175000000000016,0.01614235910812785,0.012981443352582946,1.0
C-M,paraphrase,6,0.027675000000000022,0.012148076291156468,0.026944016397996606,1.0
C-M,paraphrase,12,0.053758333333333304,0.009100310795003463,0.050814666546954025,1.0
C-M,paraphrase,25,0.11150833333333336,0.016997028855037885,0.1051172162479533,1.0
C-M,solution_only,1,0.0020083333333333372,0.017914499516572983,0.0035921895425345407,1.0
C-M,solution_only,3,-0.0018250000000000009,0.011333778957371001,0.009985725655833038,1.0
C-M,solution_only,6,0.013841666666666681,0.011887944831771073,0.020726166459997385,1.0
C-M,solution_only,12,0.03492500000000001,0.013917778035826897,0.03908820503611849,1.0
C-M,solution_only,25,0.07592499999999995,0.01723478687967679,0.08085939711381024,1.0
C-M,adjacent,1,-0.013075000000000012,0.018821530224718733,0.0,0.0
C-M,adjacent,3,-7.499999999999883e-05,0.012541144406723947,0.0,0.0
C-M,adjacent,6,0.004091666666666671,0.015481089800596787,0.0,0.0
C-M,adjacent,12,-0.00640833333333334,0.01840365301901894,0.0,0.0
C-M,adjacent,25,-0.01015833333333334,0.01755999815926915,0.0,0.0
C-P,exact,1,-0.009158333333333343,0.021723933643088073,0.0019956608569636327,1.0
C-P,exact,3,0.004258333333333339,0.013760854301645356,0.005547625364351685,1.0
C-P,exact,6,0.004508333333333339,0.015620176023012654,0.01151453692222077,1.0
C-P,exact,12,0.02742500000000002,0.014153112945942544,0.021715669464510267,1.0
C-P,exact,25,0.04509166666666665,0.014608960167367045,0.04492188728545013,1.0
C-P,paraphrase,1,0.00034166666666666834,0.014783966198745755,0.0012971795570263622,1.0
C-P,paraphrase,3,-0.008908333333333341,0.014642110986514701,0.0036059564868285965,1.0
C-P,paraphrase,6,-0.00040833333333333346,0.016795487008074057,0.0074844489994435005,1.0
C-P,paraphrase,12,0.005925000000000004,0.012886744422785073,0.014115185151931671,1.0
C-P,paraphrase,25,0.02967500000000002,0.010820855284630199,0.029199226735542583,1.0
C-P,solution_only,1,-0.011908333333333345,0.017713987510872702,0.0009978304284818163,1.0
C-P,solution_only,3,-0.011825000000000007,0.014475684942186843,0.0027738126821758445,1.0
C-P,solution_only,6,0.008841666666666676,0.016495790708878178,0.005757268461110387,1.0
C-P,solution_only,12,0.0070083333333333395,0.016145800342097293,0.010857834732255139,1.0
C-P,solution_only,25,0.01067500000000001,0.015043371640128774,0.022460943642725065,1.0
C-P,adjacent,1,0.0013416666666666687,0.018736341826794945,0.0,0.0
C-P,adjacent,3,-0.007825000000000006,0.018531709106940002,0.0,0.0
C-P,adjacent,6,-0.014908333333333343,0.020328302904814747,0.0,0.0
C-P,adjacent,12,8.333333333334728e-06,0.015204332184338698,0.0,0.0
C-P,adjacent,25,-0.009825000000000006,0.01529012357006572,0.0,0.0
